year,quarter,quarter_qf,nhs_health_board,hbqf,location,location_qf,admission_type,admission_type_qf,sex,age,episodes,length_of_episode,average_length_of_episode,average_length_of_episode_qf,stays,length_of_stay,average_length_of_stay,average_length_of_stay_qf,pre_post_2020
2017,3,NA,All of Scotland,d,S92000003,d,All Inpatients,d,Female,0-9,1736,4624,2.66359447004608,NA,1376,3181,2.31177325581395,NA,pre 2020
2017,4,NA,All of Scotland,d,S92000003,d,All Inpatients,d,Female,0-9,1522,4788,3.14586070959264,NA,1226,3842,3.13376835236542,NA,pre 2020
2018,1,NA,All of Scotland,d,S92000003,d,All Inpatients,d,Female,0-9,1582,4480,2.83185840707965,NA,1320,3523,2.66893939393939,NA,pre 2020
2018,2,NA,All of Scotland,d,S92000003,d,All Inpatients,d,Female,0-9,1844,5244,2.84381778741866,NA,1499,4287,2.85990660440294,NA,pre 2020
2018,3,NA,All of Scotland,d,S92000003,d,All Inpatients,d,Female,0-9,1671,4150,2.48354278874925,NA,1385,3965,2.86281588447653,NA,pre 2020
2018,4,NA,All of Scotland,d,S92000003,d,All Inpatients,d,Female,0-9,1557,4252,2.73089274245344,NA,1236,3199,2.58818770226537,NA,pre 2020
2019,1,NA,All of Scotland,d,S92000003,d,All Inpatients,d,Female,0-9,1563,4273,2.73384516954575,NA,1263,3230,2.55740300870942,NA,pre 2020
2019,2,NA,All of Scotland,d,S92000003,d,All Inpatients,d,Female,0-9,1654,4907,2.96674727932285,NA,1339,4005,2.99103808812547,NA,pre 2020
2019,3,NA,All of Scotland,d,S92000003,d,All Inpatients,d,Female,0-9,1766,4484,2.53907134767837,NA,1443,3321,2.3014553014553,NA,pre 2020
2019,4,NA,All of Scotland,d,S92000003,d,All Inpatients,d,Female,0-9,1488,4358,2.92876344086022,NA,1193,3018,2.52975691533948,NA,pre 2020
2020,1,NA,All of Scotland,d,S92000003,d,All Inpatients,d,Female,0-9,1509,3682,2.44002650762094,NA,1244,3179,2.55546623794212,NA,post 2020
2020,2,NA,All of Scotland,d,S92000003,d,All Inpatients,d,Female,0-9,842,2686,3.19002375296912,NA,616,1778,2.88636363636364,NA,post 2020
2020,3,NA,All of Scotland,d,S92000003,d,All Inpatients,d,Female,0-9,1221,3714,3.04176904176904,NA,987,3335,3.37892603850051,NA,post 2020
2020,4,NA,All of Scotland,d,S92000003,d,All Inpatients,d,Female,0-9,1169,3215,2.75021385799829,NA,909,2036,2.23982398239824,NA,post 2020
2021,1,NA,All of Scotland,d,S92000003,d,All Inpatients,d,Female,0-9,1086,2970,2.73480662983425,NA,838,2203,2.62887828162291,NA,post 2020
2021,2,NA,All of Scotland,d,S92000003,d,All Inpatients,d,Female,0-9,1361,3613,2.65466568699486,NA,1089,2646,2.4297520661157,NA,post 2020
2021,3,NA,All of Scotland,d,S92000003,d,All Inpatients,d,Female,0-9,1229,2886,2.34825061025224,NA,1003,2265,2.25822532402792,NA,post 2020
2021,4,NA,All of Scotland,d,S92000003,d,All Inpatients,d,Female,0-9,1067,3294,3.08716026241799,NA,789,1917,2.42965779467681,NA,post 2020
2022,1,NA,All of Scotland,d,S92000003,d,All Inpatients,d,Female,0-9,1172,3727,3.18003412969283,NA,908,2943,3.24118942731278,NA,post 2020
2022,2,NA,All of Scotland,d,S92000003,d,All Inpatients,d,Female,0-9,1347,4074,3.02449888641425,NA,1046,2713,2.59369024856597,NA,post 2020
2022,3,p,All of Scotland,d,S92000003,d,All Inpatients,d,Female,0-9,1386,3293,2.37590187590188,NA,1129,2420,2.14348981399469,NA,post 2020
2017,3,NA,All of Scotland,d,S92000003,d,All Inpatients,d,Female,10-19,3292,6872,2.08748481166464,NA,2645,7046,2.66389413988658,NA,pre 2020
2017,4,NA,All of Scotland,d,S92000003,d,All Inpatients,d,Female,10-19,3188,6338,1.98808030112923,NA,2537,5969,2.35277887268427,NA,pre 2020
2018,1,NA,All of Scotland,d,S92000003,d,All Inpatients,d,Female,10-19,3092,5901,1.90847347994825,NA,2498,5648,2.26100880704564,NA,pre 2020
2018,2,NA,All of Scotland,d,S92000003,d,All Inpatients,d,Female,10-19,3203,6507,2.03153293787075,NA,2611,6025,2.30754500191498,NA,pre 2020
2018,3,NA,All of Scotland,d,S92000003,d,All Inpatients,d,Female,10-19,3278,5720,1.74496644295302,NA,2638,5583,2.11637604245641,NA,pre 2020
2018,4,NA,All of Scotland,d,S92000003,d,All Inpatients,d,Female,10-19,3054,5845,1.91388343156516,NA,2445,5977,2.44458077709611,NA,pre 2020
2019,1,NA,All of Scotland,d,S92000003,d,All Inpatients,d,Female,10-19,3153,6497,2.06057722803679,NA,2505,5766,2.30179640718563,NA,pre 2020
2019,2,NA,All of Scotland,d,S92000003,d,All Inpatients,d,Female,10-19,3168,5576,1.76010101010101,NA,2472,5357,2.167071197411,NA,pre 2020
2019,3,NA,All of Scotland,d,S92000003,d,All Inpatients,d,Female,10-19,3347,6039,1.80430236032268,NA,2637,5561,2.10883579825559,NA,pre 2020
2019,4,NA,All of Scotland,d,S92000003,d,All Inpatients,d,Female,10-19,2994,5160,1.72344689378758,NA,2320,4858,2.09396551724138,NA,pre 2020
2020,1,NA,All of Scotland,d,S92000003,d,All Inpatients,d,Female,10-19,2833,5052,1.78326861983763,NA,2196,5394,2.45628415300546,NA,post 2020
2020,2,NA,All of Scotland,d,S92000003,d,All Inpatients,d,Female,10-19,1640,2579,1.57256097560976,NA,1223,2475,2.02371218315617,NA,post 2020
2020,3,NA,All of Scotland,d,S92000003,d,All Inpatients,d,Female,10-19,2273,3879,1.7065552133744,NA,1807,3573,1.97731045932485,NA,post 2020
2020,4,NA,All of Scotland,d,S92000003,d,All Inpatients,d,Female,10-19,2347,5953,2.53642948444823,NA,1809,5567,3.07739082365948,NA,post 2020
2021,1,NA,All of Scotland,d,S92000003,d,All Inpatients,d,Female,10-19,2066,3498,1.69312681510165,NA,1580,3370,2.13291139240506,NA,post 2020
2021,2,NA,All of Scotland,d,S92000003,d,All Inpatients,d,Female,10-19,2663,4690,1.76117161096508,NA,2070,4510,2.17874396135266,NA,post 2020
2021,3,NA,All of Scotland,d,S92000003,d,All Inpatients,d,Female,10-19,2392,4346,1.81688963210702,NA,1879,4074,2.16817456093667,NA,post 2020
2021,4,NA,All of Scotland,d,S92000003,d,All Inpatients,d,Female,10-19,2457,4308,1.75335775335775,NA,1936,4832,2.49586776859504,NA,post 2020
2022,1,NA,All of Scotland,d,S92000003,d,All Inpatients,d,Female,10-19,2372,4043,1.70446880269814,NA,1881,3732,1.98405103668262,NA,post 2020
2022,2,NA,All of Scotland,d,S92000003,d,All Inpatients,d,Female,10-19,2491,4759,1.91047771979125,NA,1929,5016,2.60031104199067,NA,post 2020
2022,3,p,All of Scotland,d,S92000003,d,All Inpatients,d,Female,10-19,2402,4449,1.85220649458784,NA,1869,4755,2.54414125200642,NA,post 2020
2017,3,NA,All of Scotland,d,S92000003,d,All Inpatients,d,Female,20-29,7534,14051,1.8650119458455,NA,5770,15709,2.72253032928943,NA,pre 2020
2017,4,NA,All of Scotland,d,S92000003,d,All Inpatients,d,Female,20-29,7183,13289,1.8500626479187,NA,5482,13729,2.50437796424663,NA,pre 2020
2018,1,NA,All of Scotland,d,S92000003,d,All Inpatients,d,Female,20-29,6896,12860,1.86484918793503,NA,5225,12442,2.38124401913876,NA,pre 2020
2018,2,NA,All of Scotland,d,S92000003,d,All Inpatients,d,Female,20-29,7430,13734,1.84845222072678,NA,5673,13655,2.40701568834832,NA,pre 2020
2018,3,NA,All of Scotland,d,S92000003,d,All Inpatients,d,Female,20-29,7464,13463,1.80372454448017,NA,5626,13581,2.41397084962673,NA,pre 2020
2018,4,NA,All of Scotland,d,S92000003,d,All Inpatients,d,Female,20-29,7410,12860,1.73549257759784,NA,5612,13000,2.31646471846044,NA,pre 2020
2019,1,NA,All of Scotland,d,S92000003,d,All Inpatients,d,Female,20-29,7369,12711,1.72492875559777,NA,5604,12860,2.29478943611706,NA,pre 2020
2019,2,NA,All of Scotland,d,S92000003,d,All Inpatients,d,Female,20-29,7771,14373,1.84956891005019,NA,5809,14076,2.42313651230849,NA,pre 2020
2019,3,NA,All of Scotland,d,S92000003,d,All Inpatients,d,Female,20-29,8101,14461,1.78508826070855,NA,5983,14543,2.43072037439412,NA,pre 2020
2019,4,NA,All of Scotland,d,S92000003,d,All Inpatients,d,Female,20-29,7412,13276,1.79114948731786,NA,5551,12870,2.31850117096019,NA,pre 2020
2020,1,NA,All of Scotland,d,S92000003,d,All Inpatients,d,Female,20-29,6918,13279,1.91948540040474,NA,5143,13542,2.63309352517986,NA,post 2020
2020,2,NA,All of Scotland,d,S92000003,d,All Inpatients,d,Female,20-29,5117,8150,1.59273011530193,NA,3628,7671,2.11438809261301,NA,post 2020
2020,3,NA,All of Scotland,d,S92000003,d,All Inpatients,d,Female,20-29,6243,11032,1.76709915104918,NA,4542,10226,2.2514310876266,NA,post 2020
2020,4,NA,All of Scotland,d,S92000003,d,All Inpatients,d,Female,20-29,6023,10636,1.76589739332559,NA,4448,11621,2.61263489208633,NA,post 2020
2021,1,NA,All of Scotland,d,S92000003,d,All Inpatients,d,Female,20-29,5746,9461,1.64653672119735,NA,4240,9473,2.23419811320755,NA,post 2020
2021,2,NA,All of Scotland,d,S92000003,d,All Inpatients,d,Female,20-29,6716,11416,1.6998213222156,NA,4879,10740,2.20127075220332,NA,post 2020
2021,3,NA,All of Scotland,d,S92000003,d,All Inpatients,d,Female,20-29,6487,11537,1.77848003699707,NA,4659,11848,2.54303498604851,NA,post 2020
2021,4,NA,All of Scotland,d,S92000003,d,All Inpatients,d,Female,20-29,5817,11016,1.89375966993296,NA,4322,11140,2.57751041184637,NA,post 2020
2022,1,NA,All of Scotland,d,S92000003,d,All Inpatients,d,Female,20-29,5447,9407,1.72700569120617,NA,3966,9327,2.3517397881997,NA,post 2020
2022,2,NA,All of Scotland,d,S92000003,d,All Inpatients,d,Female,20-29,5453,10790,1.97872730607005,NA,3994,10995,2.75287931897847,NA,post 2020
2022,3,p,All of Scotland,d,S92000003,d,All Inpatients,d,Female,20-29,5530,9843,1.77992766726944,NA,4033,10088,2.50136374907017,NA,post 2020
2017,3,NA,All of Scotland,d,S92000003,d,All Inpatients,d,Female,30-39,8493,18089,2.1298716590133,NA,6178,19049,3.08336031078019,NA,pre 2020
2017,4,NA,All of Scotland,d,S92000003,d,All Inpatients,d,Female,30-39,8235,17904,2.17413479052823,NA,5968,18120,3.03619302949062,NA,pre 2020
2018,1,NA,All of Scotland,d,S92000003,d,All Inpatients,d,Female,30-39,8329,17649,2.1189818705727,NA,6019,17517,2.9102841003489,NA,pre 2020
2018,2,NA,All of Scotland,d,S92000003,d,All Inpatients,d,Female,30-39,8447,18724,2.21664496270865,NA,6212,18362,2.95589182227946,NA,pre 2020
2018,3,NA,All of Scotland,d,S92000003,d,All Inpatients,d,Female,30-39,8582,18021,2.09986017245397,NA,6251,18418,2.94640857462806,NA,pre 2020
2018,4,NA,All of Scotland,d,S92000003,d,All Inpatients,d,Female,30-39,8348,18957,2.27084331576425,NA,6029,18690,3.10001658649859,NA,pre 2020
2019,1,NA,All of Scotland,d,S92000003,d,All Inpatients,d,Female,30-39,8489,18755,2.20932972081517,NA,6138,18083,2.94607363962203,NA,pre 2020
2019,2,NA,All of Scotland,d,S92000003,d,All Inpatients,d,Female,30-39,9105,19939,2.18989566172433,NA,6574,19480,2.96318831761485,NA,pre 2020
2019,3,NA,All of Scotland,d,S92000003,d,All Inpatients,d,Female,30-39,9325,20206,2.16686327077748,NA,6699,20454,3.05329153605016,NA,pre 2020
2019,4,NA,All of Scotland,d,S92000003,d,All Inpatients,d,Female,30-39,8864,19186,2.16448555956679,NA,6288,18814,2.99204834605598,NA,pre 2020
2020,1,NA,All of Scotland,d,S92000003,d,All Inpatients,d,Female,30-39,8509,18027,2.11858032671289,NA,6046,18851,3.11792920939464,NA,post 2020
2020,2,NA,All of Scotland,d,S92000003,d,All Inpatients,d,Female,30-39,6424,11476,1.78642590286426,NA,4391,11415,2.59963561831018,NA,post 2020
2020,3,NA,All of Scotland,d,S92000003,d,All Inpatients,d,Female,30-39,8212,16062,1.95591816853385,NA,5764,16701,2.89746703678001,NA,post 2020
2020,4,NA,All of Scotland,d,S92000003,d,All Inpatients,d,Female,30-39,7796,16733,2.14635710620831,NA,5437,16807,3.09122677947397,NA,post 2020
2021,1,NA,All of Scotland,d,S92000003,d,All Inpatients,d,Female,30-39,7604,14579,1.91728037874803,NA,5265,14523,2.75840455840456,NA,post 2020
2021,2,NA,All of Scotland,d,S92000003,d,All Inpatients,d,Female,30-39,8884,17370,1.95520036019811,NA,6151,16702,2.71533084051374,NA,post 2020
2021,3,NA,All of Scotland,d,S92000003,d,All Inpatients,d,Female,30-39,8593,17971,2.09135342720819,NA,5916,18111,3.06135902636917,NA,post 2020
2021,4,NA,All of Scotland,d,S92000003,d,All Inpatients,d,Female,30-39,7763,17775,2.28970758727296,NA,5433,17029,3.13436407141542,NA,post 2020
2022,1,NA,All of Scotland,d,S92000003,d,All Inpatients,d,Female,30-39,7594,17117,2.25401632868054,NA,5277,16527,3.13189312109153,NA,post 2020
2022,2,NA,All of Scotland,d,S92000003,d,All Inpatients,d,Female,30-39,7692,17642,2.29355174206968,NA,5387,18172,3.37330610729534,NA,post 2020
2022,3,p,All of Scotland,d,S92000003,d,All Inpatients,d,Female,30-39,7769,17428,2.24327455270949,NA,5375,18555,3.45209302325581,NA,post 2020
2017,3,NA,All of Scotland,d,S92000003,d,All Inpatients,d,Female,40-49,11282,29816,2.64279383088105,NA,7845,29975,3.82090503505417,NA,pre 2020
2017,4,NA,All of Scotland,d,S92000003,d,All Inpatients,d,Female,40-49,10653,27052,2.53937857880409,NA,7420,27249,3.67237196765499,NA,pre 2020
2018,1,NA,All of Scotland,d,S92000003,d,All Inpatients,d,Female,40-49,10639,29138,2.73879123977817,NA,7306,29059,3.97741582261155,NA,pre 2020
2018,2,NA,All of Scotland,d,S92000003,d,All Inpatients,d,Female,40-49,10811,28271,2.6150217371196,NA,7492,28356,3.78483715963695,NA,pre 2020
2018,3,NA,All of Scotland,d,S92000003,d,All Inpatients,d,Female,40-49,10873,31747,2.91980134277568,NA,7579,32145,4.24132471302283,NA,pre 2020
2018,4,NA,All of Scotland,d,S92000003,d,All Inpatients,d,Female,40-49,10498,27552,2.62449990474376,NA,7266,27554,3.79218276906138,NA,pre 2020
2019,1,NA,All of Scotland,d,S92000003,d,All Inpatients,d,Female,40-49,10691,27268,2.55055654288654,NA,7294,27230,3.73320537428023,NA,pre 2020
2019,2,NA,All of Scotland,d,S92000003,d,All Inpatients,d,Female,40-49,11012,26946,2.44696694515074,NA,7605,27213,3.57830374753452,NA,pre 2020
2019,3,NA,All of Scotland,d,S92000003,d,All Inpatients,d,Female,40-49,11231,28288,2.51874276555961,NA,7567,28320,3.74256640676622,NA,pre 2020
2019,4,NA,All of Scotland,d,S92000003,d,All Inpatients,d,Female,40-49,10802,28004,2.59248287354194,NA,7222,28558,3.95430628634727,NA,pre 2020
2020,1,NA,All of Scotland,d,S92000003,d,All Inpatients,d,Female,40-49,9694,25170,2.59645141324531,NA,6537,25185,3.85268471776044,NA,post 2020
2020,2,NA,All of Scotland,d,S92000003,d,All Inpatients,d,Female,40-49,7807,16921,2.16741385935699,NA,5047,16378,3.2450960966911,NA,post 2020
2020,3,NA,All of Scotland,d,S92000003,d,All Inpatients,d,Female,40-49,9671,23152,2.3939613276807,NA,6324,22739,3.59566729917774,NA,post 2020
2020,4,NA,All of Scotland,d,S92000003,d,All Inpatients,d,Female,40-49,9202,23833,2.58998043903499,NA,6075,24446,4.0240329218107,NA,post 2020
2021,1,NA,All of Scotland,d,S92000003,d,All Inpatients,d,Female,40-49,9262,24198,2.6126106672425,NA,6043,23935,3.96078106900546,NA,post 2020
2021,2,NA,All of Scotland,d,S92000003,d,All Inpatients,d,Female,40-49,10856,25476,2.34672070744289,NA,7083,25440,3.59169843286743,NA,post 2020
2021,3,NA,All of Scotland,d,S92000003,d,All Inpatients,d,Female,40-49,9986,25815,2.58511916683357,NA,6550,25963,3.96381679389313,NA,post 2020
2021,4,NA,All of Scotland,d,S92000003,d,All Inpatients,d,Female,40-49,9453,25358,2.68253464508622,NA,6178,25491,4.1260925865976,NA,post 2020
2022,1,NA,All of Scotland,d,S92000003,d,All Inpatients,d,Female,40-49,8697,24381,2.80338047602622,NA,5712,24002,4.20203081232493,NA,post 2020
2022,2,NA,All of Scotland,d,S92000003,d,All Inpatients,d,Female,40-49,8804,23731,2.69547932757837,NA,5914,24392,4.12445045654379,NA,post 2020
2022,3,p,All of Scotland,d,S92000003,d,All Inpatients,d,Female,40-49,9178,24918,2.71497058182611,NA,5936,24452,4.11927223719677,NA,post 2020
2017,3,NA,All of Scotland,d,S92000003,d,All Inpatients,d,Female,50-59,17737,55238,3.11428088177257,NA,11882,54299,4.56985356000673,NA,pre 2020
2017,4,NA,All of Scotland,d,S92000003,d,All Inpatients,d,Female,50-59,17675,54774,3.09895332390382,NA,11785,54222,4.60093338990242,NA,pre 2020
2018,1,NA,All of Scotland,d,S92000003,d,All Inpatients,d,Female,50-59,17464,54847,3.14057489693083,NA,11528,55580,4.82130464954892,NA,pre 2020
2018,2,NA,All of Scotland,d,S92000003,d,All Inpatients,d,Female,50-59,17434,53704,3.08041757485373,NA,11691,53278,4.55718073731931,NA,pre 2020
2018,3,NA,All of Scotland,d,S92000003,d,All Inpatients,d,Female,50-59,17443,52869,3.03095797741214,NA,11447,52162,4.55682711627501,NA,pre 2020
2018,4,NA,All of Scotland,d,S92000003,d,All Inpatients,d,Female,50-59,17626,55085,3.1252127538863,NA,11637,56905,4.89000601529604,NA,pre 2020
2019,1,NA,All of Scotland,d,S92000003,d,All Inpatients,d,Female,50-59,17979,53396,2.9699093386729,NA,11855,53640,4.52467313369886,NA,pre 2020
2019,2,NA,All of Scotland,d,S92000003,d,All Inpatients,d,Female,50-59,18013,52245,2.90040526286571,NA,11884,50045,4.21112420060586,NA,pre 2020
2019,3,NA,All of Scotland,d,S92000003,d,All Inpatients,d,Female,50-59,18078,51143,2.82901869675849,NA,11891,51780,4.35455386426709,NA,pre 2020
2019,4,NA,All of Scotland,d,S92000003,d,All Inpatients,d,Female,50-59,18034,52149,2.891704558057,NA,11566,51927,4.48962476223413,NA,pre 2020
2020,1,NA,All of Scotland,d,S92000003,d,All Inpatients,d,Female,50-59,16872,53011,3.141951161688,NA,10762,56683,5.26695781453261,NA,post 2020
2020,2,NA,All of Scotland,d,S92000003,d,All Inpatients,d,Female,50-59,13059,36180,2.77050310130944,NA,7739,35708,4.61403282077788,NA,post 2020
2020,3,NA,All of Scotland,d,S92000003,d,All Inpatients,d,Female,50-59,15872,44879,2.82755796370968,NA,9800,43929,4.48255102040816,NA,post 2020
2020,4,NA,All of Scotland,d,S92000003,d,All Inpatients,d,Female,50-59,16217,49170,3.03200345316643,NA,10021,48019,4.7918371420018,NA,post 2020
2021,1,NA,All of Scotland,d,S92000003,d,All Inpatients,d,Female,50-59,15852,49738,3.13764824627807,NA,9489,50993,5.373906628728,NA,post 2020
2021,2,NA,All of Scotland,d,S92000003,d,All Inpatients,d,Female,50-59,17612,52609,2.98711106064047,NA,11020,53330,4.83938294010889,NA,post 2020
2021,3,NA,All of Scotland,d,S92000003,d,All Inpatients,d,Female,50-59,16632,53271,3.20292207792208,NA,10194,53870,5.28448106729449,NA,post 2020
2021,4,NA,All of Scotland,d,S92000003,d,All Inpatients,d,Female,50-59,15622,53032,3.39469978235821,NA,9666,53213,5.5051727705359,NA,post 2020
2022,1,NA,All of Scotland,d,S92000003,d,All Inpatients,d,Female,50-59,15016,48488,3.22908897176345,NA,9208,47787,5.18972632493484,NA,post 2020
2022,2,NA,All of Scotland,d,S92000003,d,All Inpatients,d,Female,50-59,15672,49892,3.18351199591628,NA,9633,51933,5.39115540330115,NA,post 2020
2022,3,p,All of Scotland,d,S92000003,d,All Inpatients,d,Female,50-59,15540,52426,3.37361647361647,NA,9730,53402,5.48838643371017,NA,post 2020
2017,3,NA,All of Scotland,d,S92000003,d,All Inpatients,d,Female,60-69,20424,77503,3.79470231100666,NA,12734,77654,6.09816239987435,NA,pre 2020
2017,4,NA,All of Scotland,d,S92000003,d,All Inpatients,d,Female,60-69,21212,82862,3.90637375070715,NA,13098,82436,6.29378531073446,NA,pre 2020
2018,1,NA,All of Scotland,d,S92000003,d,All Inpatients,d,Female,60-69,21466,80660,3.75757011087301,NA,12966,82859,6.3904828011723,NA,pre 2020
2018,2,NA,All of Scotland,d,S92000003,d,All Inpatients,d,Female,60-69,21073,78830,3.74080577041712,NA,13075,81542,6.23648183556405,NA,pre 2020
2018,3,NA,All of Scotland,d,S92000003,d,All Inpatients,d,Female,60-69,20714,74792,3.61069807859419,NA,12881,75044,5.82594519059079,NA,pre 2020
2018,4,NA,All of Scotland,d,S92000003,d,All Inpatients,d,Female,60-69,21580,79565,3.68697868396664,NA,13164,79842,6.06517775752051,NA,pre 2020
2019,1,NA,All of Scotland,d,S92000003,d,All Inpatients,d,Female,60-69,21681,79711,3.6765370600987,NA,13171,80125,6.0834408928707,NA,pre 2020
2019,2,NA,All of Scotland,d,S92000003,d,All Inpatients,d,Female,60-69,22331,83440,3.73650978460436,NA,13592,84683,6.23035609181872,NA,pre 2020
2019,3,NA,All of Scotland,d,S92000003,d,All Inpatients,d,Female,60-69,22266,79769,3.58254738165813,NA,13542,82977,6.1273814798405,NA,pre 2020
2019,4,NA,All of Scotland,d,S92000003,d,All Inpatients,d,Female,60-69,23151,80207,3.46451557168157,NA,13686,80882,5.90983486774806,NA,pre 2020
2020,1,NA,All of Scotland,d,S92000003,d,All Inpatients,d,Female,60-69,20966,81667,3.89521129447677,NA,12278,82637,6.73049356572732,NA,post 2020
2020,2,NA,All of Scotland,d,S92000003,d,All Inpatients,d,Female,60-69,15835,51736,3.26719292706031,NA,8482,52747,6.21869842018392,NA,post 2020
2020,3,NA,All of Scotland,d,S92000003,d,All Inpatients,d,Female,60-69,19244,65755,3.41690916649345,NA,11005,67053,6.09295774647887,NA,post 2020
2020,4,NA,All of Scotland,d,S92000003,d,All Inpatients,d,Female,60-69,18962,67596,3.56481383820272,NA,10793,67576,6.26109515426665,NA,post 2020
2021,1,NA,All of Scotland,d,S92000003,d,All Inpatients,d,Female,60-69,18729,67481,3.60302205136419,NA,10469,68925,6.58372337377018,NA,post 2020
2021,2,NA,All of Scotland,d,S92000003,d,All Inpatients,d,Female,60-69,20932,71306,3.40655455761513,NA,12162,70790,5.8205887189607,NA,post 2020
2021,3,NA,All of Scotland,d,S92000003,d,All Inpatients,d,Female,60-69,20950,76679,3.6600954653938,NA,11945,77066,6.45173712850565,NA,post 2020
2021,4,NA,All of Scotland,d,S92000003,d,All Inpatients,d,Female,60-69,20439,79447,3.88702969812613,NA,11595,80107,6.90875377317809,NA,post 2020
2022,1,NA,All of Scotland,d,S92000003,d,All Inpatients,d,Female,60-69,19639,73751,3.75533377463211,NA,11056,72958,6.5989507959479,NA,post 2020
2022,2,NA,All of Scotland,d,S92000003,d,All Inpatients,d,Female,60-69,20992,78640,3.74618902439024,NA,11859,79922,6.73935407707227,NA,post 2020
2022,3,p,All of Scotland,d,S92000003,d,All Inpatients,d,Female,60-69,21135,80129,3.79129406198249,NA,12298,82243,6.68751016425435,NA,post 2020
2017,3,NA,All of Scotland,d,S92000003,d,All Inpatients,d,Female,70-79,27163,128475,4.72977947943894,NA,15156,132221,8.72400369490631,NA,pre 2020
2017,4,NA,All of Scotland,d,S92000003,d,All Inpatients,d,Female,70-79,28510,132364,4.64272185198176,NA,15818,137294,8.67960551270704,NA,pre 2020
2018,1,NA,All of Scotland,d,S92000003,d,All Inpatients,d,Female,70-79,29311,135605,4.62642011531507,NA,15865,137218,8.64910179640719,NA,pre 2020
2018,2,NA,All of Scotland,d,S92000003,d,All Inpatients,d,Female,70-79,28258,131835,4.66540448722486,NA,15823,138296,8.74018833343866,NA,pre 2020
2018,3,NA,All of Scotland,d,S92000003,d,All Inpatients,d,Female,70-79,27499,124193,4.51627331902978,NA,15482,126316,8.1588941997158,NA,pre 2020
2018,4,NA,All of Scotland,d,S92000003,d,All Inpatients,d,Female,70-79,28983,129900,4.48193768760998,NA,16006,133589,8.34618268149444,NA,pre 2020
2019,1,NA,All of Scotland,d,S92000003,d,All Inpatients,d,Female,70-79,28791,126725,4.40154909520336,NA,15970,130423,8.16675015654352,NA,pre 2020
2019,2,NA,All of Scotland,d,S92000003,d,All Inpatients,d,Female,70-79,29282,126944,4.33522300389318,NA,16103,128426,7.9752841085512,NA,pre 2020
2019,3,NA,All of Scotland,d,S92000003,d,All Inpatients,d,Female,70-79,29898,129119,4.31865007692822,NA,16085,131092,8.14995337270749,NA,pre 2020
2019,4,NA,All of Scotland,d,S92000003,d,All Inpatients,d,Female,70-79,31173,135846,4.35780964296025,NA,16731,140079,8.37242244934553,NA,pre 2020
2020,1,NA,All of Scotland,d,S92000003,d,All Inpatients,d,Female,70-79,28506,134081,4.70360625833158,NA,15086,140213,9.2942463210924,NA,post 2020
2020,2,NA,All of Scotland,d,S92000003,d,All Inpatients,d,Female,70-79,20980,85454,4.07311725452812,NA,10226,91771,8.97428124388813,NA,post 2020
2020,3,NA,All of Scotland,d,S92000003,d,All Inpatients,d,Female,70-79,26200,103400,3.94656488549618,NA,13391,104060,7.77089089687103,NA,post 2020
2020,4,NA,All of Scotland,d,S92000003,d,All Inpatients,d,Female,70-79,26509,115980,4.37511788449206,NA,13594,116982,8.60541415330293,NA,post 2020
2021,1,NA,All of Scotland,d,S92000003,d,All Inpatients,d,Female,70-79,25500,116023,4.54992156862745,NA,12623,119225,9.44506060365999,NA,post 2020
2021,2,NA,All of Scotland,d,S92000003,d,All Inpatients,d,Female,70-79,28396,116770,4.1121989012537,NA,14690,118830,8.08917631041525,NA,post 2020
2021,3,NA,All of Scotland,d,S92000003,d,All Inpatients,d,Female,70-79,27556,121193,4.39806212803019,NA,14315,121628,8.49654208871813,NA,post 2020
2021,4,NA,All of Scotland,d,S92000003,d,All Inpatients,d,Female,70-79,27474,127763,4.65032394263667,NA,13878,127788,9.20795503674881,NA,post 2020
2022,1,NA,All of Scotland,d,S92000003,d,All Inpatients,d,Female,70-79,25944,124567,4.8013798951588,NA,13204,127769,9.67653741290518,NA,post 2020
2022,2,NA,All of Scotland,d,S92000003,d,All Inpatients,d,Female,70-79,27833,130916,4.70362519311609,NA,14353,138915,9.67846443252282,NA,post 2020
2022,3,p,All of Scotland,d,S92000003,d,All Inpatients,d,Female,70-79,27443,126780,4.61975731516234,NA,14426,133671,9.26597809510606,NA,post 2020
2017,3,NA,All of Scotland,d,S92000003,d,All Inpatients,d,Female,80-89,27480,156826,5.70691411935953,NA,13361,162625,12.1716188908016,NA,pre 2020
2017,4,NA,All of Scotland,d,S92000003,d,All Inpatients,d,Female,80-89,29539,167352,5.66545922339957,NA,14183,176163,12.4207149404216,NA,pre 2020
2018,1,NA,All of Scotland,d,S92000003,d,All Inpatients,d,Female,80-89,29655,176670,5.95751138088012,NA,14338,187952,13.1086622959967,NA,pre 2020
2018,2,NA,All of Scotland,d,S92000003,d,All Inpatients,d,Female,80-89,27551,165465,6.00577111538601,NA,13770,176876,12.8450254175744,NA,pre 2020
2018,3,NA,All of Scotland,d,S92000003,d,All Inpatients,d,Female,80-89,26861,153568,5.717136368713,NA,13377,161801,12.0954623607685,NA,pre 2020
2018,4,NA,All of Scotland,d,S92000003,d,All Inpatients,d,Female,80-89,28750,163213,5.67697391304348,NA,14117,172296,12.2048593893887,NA,pre 2020
2019,1,NA,All of Scotland,d,S92000003,d,All Inpatients,d,Female,80-89,28361,166845,5.88290257748316,NA,14084,177925,12.6331297926725,NA,pre 2020
2019,2,NA,All of Scotland,d,S92000003,d,All Inpatients,d,Female,80-89,28817,160104,5.55588714994621,NA,13879,166692,12.0103753872757,NA,pre 2020
2019,3,NA,All of Scotland,d,S92000003,d,All Inpatients,d,Female,80-89,29652,158143,5.33329960879536,NA,14044,164963,11.7461549416121,NA,pre 2020
2019,4,NA,All of Scotland,d,S92000003,d,All Inpatients,d,Female,80-89,31668,167886,5.30143993937097,NA,14756,175164,11.8706966657631,NA,pre 2020
2020,1,NA,All of Scotland,d,S92000003,d,All Inpatients,d,Female,80-89,29523,180607,6.11750160891508,NA,13878,193179,13.9198011240813,NA,post 2020
2020,2,NA,All of Scotland,d,S92000003,d,All Inpatients,d,Female,80-89,22561,109335,4.84619476087053,NA,9700,117820,12.1463917525773,NA,post 2020
2020,3,NA,All of Scotland,d,S92000003,d,All Inpatients,d,Female,80-89,26829,132286,4.93070930709307,NA,12094,135441,11.199024309575,NA,post 2020
2020,4,NA,All of Scotland,d,S92000003,d,All Inpatients,d,Female,80-89,27881,150015,5.38054589146731,NA,12315,150076,12.1864393016646,NA,post 2020
2021,1,NA,All of Scotland,d,S92000003,d,All Inpatients,d,Female,80-89,26476,150851,5.69765070252304,NA,11431,156699,13.7082494969819,NA,post 2020
2021,2,NA,All of Scotland,d,S92000003,d,All Inpatients,d,Female,80-89,28866,149721,5.18675950945749,NA,13215,160738,12.1632992811199,NA,post 2020
2021,3,NA,All of Scotland,d,S92000003,d,All Inpatients,d,Female,80-89,27698,151919,5.48483645028522,NA,12639,155042,12.2669514993275,NA,post 2020
2021,4,NA,All of Scotland,d,S92000003,d,All Inpatients,d,Female,80-89,28446,165024,5.80130774098291,NA,12779,171688,13.4351670709758,NA,post 2020
2022,1,NA,All of Scotland,d,S92000003,d,All Inpatients,d,Female,80-89,27705,167696,6.05291463634723,NA,12179,173777,14.2685770588718,NA,post 2020
2022,2,NA,All of Scotland,d,S92000003,d,All Inpatients,d,Female,80-89,28466,166607,5.85284198693178,NA,12702,178682,14.0672335065344,NA,post 2020
2022,3,p,All of Scotland,d,S92000003,d,All Inpatients,d,Female,80-89,27528,165867,6.02539232781168,NA,12416,176049,14.1792042525773,NA,post 2020
2017,3,NA,All of Scotland,d,S92000003,d,All Inpatients,d,Female,90 Plus,8475,59887,7.06631268436578,NA,3816,61849,16.2078092243187,NA,pre 2020
2017,4,NA,All of Scotland,d,S92000003,d,All Inpatients,d,Female,90 Plus,9287,65015,7.00064606439108,NA,4152,69171,16.6596820809249,NA,pre 2020
2018,1,NA,All of Scotland,d,S92000003,d,All Inpatients,d,Female,90 Plus,9544,66580,6.97611064543169,NA,4320,72370,16.7523148148148,NA,pre 2020
2018,2,NA,All of Scotland,d,S92000003,d,All Inpatients,d,Female,90 Plus,8180,57395,7.01650366748166,NA,3777,62393,16.5191951284088,NA,pre 2020
2018,3,NA,All of Scotland,d,S92000003,d,All Inpatients,d,Female,90 Plus,8270,59688,7.2174123337364,NA,3743,61018,16.3018968741651,NA,pre 2020
2018,4,NA,All of Scotland,d,S92000003,d,All Inpatients,d,Female,90 Plus,9057,61705,6.81296234956387,NA,4141,66942,16.1656604684859,NA,pre 2020
2019,1,NA,All of Scotland,d,S92000003,d,All Inpatients,d,Female,90 Plus,9012,62213,6.90335108743897,NA,4171,67770,16.247902181731,NA,pre 2020
2019,2,NA,All of Scotland,d,S92000003,d,All Inpatients,d,Female,90 Plus,9010,59765,6.63318534961154,NA,4055,65369,16.1205918618989,NA,pre 2020
2019,3,NA,All of Scotland,d,S92000003,d,All Inpatients,d,Female,90 Plus,9226,59825,6.48439193583351,NA,4101,63044,15.3728358936845,NA,pre 2020
2019,4,NA,All of Scotland,d,S92000003,d,All Inpatients,d,Female,90 Plus,10115,63649,6.29253583786456,NA,4327,67323,15.558816732147,NA,pre 2020
2020,1,NA,All of Scotland,d,S92000003,d,All Inpatients,d,Female,90 Plus,9641,69595,7.21864951768489,NA,4195,76119,18.1451728247914,NA,post 2020
2020,2,NA,All of Scotland,d,S92000003,d,All Inpatients,d,Female,90 Plus,7082,38335,5.4130189212087,NA,2799,41989,15.0014290818149,NA,post 2020
2020,3,NA,All of Scotland,d,S92000003,d,All Inpatients,d,Female,90 Plus,8556,47514,5.55329593267882,NA,3563,48836,13.7064271681168,NA,post 2020
2020,4,NA,All of Scotland,d,S92000003,d,All Inpatients,d,Female,90 Plus,9264,55241,5.96297495682211,NA,3627,54895,15.1350978770334,NA,post 2020
2021,1,NA,All of Scotland,d,S92000003,d,All Inpatients,d,Female,90 Plus,9190,60261,6.55723612622416,NA,3708,63407,17.1000539374326,NA,post 2020
2021,2,NA,All of Scotland,d,S92000003,d,All Inpatients,d,Female,90 Plus,9135,54304,5.94460864805692,NA,3809,56820,14.9173011289052,NA,post 2020
2021,3,NA,All of Scotland,d,S92000003,d,All Inpatients,d,Female,90 Plus,9040,56130,6.20907079646018,NA,3687,56535,15.33360455655,NA,post 2020
2021,4,NA,All of Scotland,d,S92000003,d,All Inpatients,d,Female,90 Plus,9450,63334,6.70201058201058,NA,3852,66758,17.3307372793354,NA,post 2020
2022,1,NA,All of Scotland,d,S92000003,d,All Inpatients,d,Female,90 Plus,9766,67640,6.92607003891051,NA,3820,69920,18.303664921466,NA,post 2020
2022,2,NA,All of Scotland,d,S92000003,d,All Inpatients,d,Female,90 Plus,9879,68093,6.8927016904545,NA,3929,72939,18.5642657164673,NA,post 2020
2022,3,p,All of Scotland,d,S92000003,d,All Inpatients,d,Female,90 Plus,9652,66790,6.91980936593452,NA,3904,74479,19.077612704918,NA,post 2020
2017,3,NA,All of Scotland,d,S92000003,d,All Inpatients,d,Male,0-9,2261,6177,2.73197700132685,NA,1893,5301,2.80031695721078,NA,pre 2020
2017,4,NA,All of Scotland,d,S92000003,d,All Inpatients,d,Male,0-9,1976,6032,3.05263157894737,NA,1600,4292,2.6825,NA,pre 2020
2018,1,NA,All of Scotland,d,S92000003,d,All Inpatients,d,Male,0-9,2187,6106,2.79195244627343,NA,1750,4308,2.46171428571429,NA,pre 2020
2018,2,NA,All of Scotland,d,S92000003,d,All Inpatients,d,Male,0-9,2434,5965,2.4506984387839,NA,2004,4819,2.40469061876248,NA,pre 2020
2018,3,NA,All of Scotland,d,S92000003,d,All Inpatients,d,Male,0-9,2255,6464,2.86651884700665,NA,1860,4729,2.54247311827957,NA,pre 2020
2018,4,NA,All of Scotland,d,S92000003,d,All Inpatients,d,Male,0-9,1921,5125,2.66788131181676,NA,1554,3977,2.55920205920206,NA,pre 2020
2019,1,NA,All of Scotland,d,S92000003,d,All Inpatients,d,Male,0-9,2073,6227,3.00385914134105,NA,1623,4976,3.06592729513247,NA,pre 2020
2019,2,NA,All of Scotland,d,S92000003,d,All Inpatients,d,Male,0-9,2290,5604,2.4471615720524,NA,1854,4441,2.39536138079827,NA,pre 2020
2019,3,NA,All of Scotland,d,S92000003,d,All Inpatients,d,Male,0-9,2224,4837,2.17491007194245,NA,1866,4033,2.16130760986066,NA,pre 2020
2019,4,NA,All of Scotland,d,S92000003,d,All Inpatients,d,Male,0-9,1840,4364,2.37173913043478,NA,1496,3925,2.62366310160428,NA,pre 2020
2020,1,NA,All of Scotland,d,S92000003,d,All Inpatients,d,Male,0-9,1812,4575,2.52483443708609,NA,1496,3182,2.12700534759358,NA,post 2020
2020,2,NA,All of Scotland,d,S92000003,d,All Inpatients,d,Male,0-9,1055,3536,3.35165876777251,NA,790,2063,2.61139240506329,NA,post 2020
2020,3,NA,All of Scotland,d,S92000003,d,All Inpatients,d,Male,0-9,1580,4870,3.08227848101266,NA,1323,3030,2.29024943310658,NA,post 2020
2020,4,NA,All of Scotland,d,S92000003,d,All Inpatients,d,Male,0-9,1626,4047,2.48892988929889,NA,1301,4970,3.82013835511145,NA,post 2020
2021,1,NA,All of Scotland,d,S92000003,d,All Inpatients,d,Male,0-9,1439,4086,2.83947185545518,NA,1188,2520,2.12121212121212,NA,post 2020
2021,2,NA,All of Scotland,d,S92000003,d,All Inpatients,d,Male,0-9,1789,3871,2.16377864728899,NA,1467,2885,1.96659850034083,NA,post 2020
2021,3,NA,All of Scotland,d,S92000003,d,All Inpatients,d,Male,0-9,1666,3937,2.36314525810324,NA,1350,2864,2.12148148148148,NA,post 2020
2021,4,NA,All of Scotland,d,S92000003,d,All Inpatients,d,Male,0-9,1500,4230,2.82,NA,1161,2795,2.40740740740741,NA,post 2020
2022,1,NA,All of Scotland,d,S92000003,d,All Inpatients,d,Male,0-9,1522,3683,2.41984231274639,NA,1222,3204,2.62193126022913,NA,post 2020
2022,2,NA,All of Scotland,d,S92000003,d,All Inpatients,d,Male,0-9,1623,4761,2.93345656192237,NA,1264,3359,2.65743670886076,NA,post 2020
2022,3,p,All of Scotland,d,S92000003,d,All Inpatients,d,Male,0-9,1748,4655,2.66304347826087,NA,1389,3383,2.43556515478762,NA,post 2020
2017,3,NA,All of Scotland,d,S92000003,d,All Inpatients,d,Male,10-19,3200,6300,1.96875,NA,2559,5717,2.23407581086362,NA,pre 2020
2017,4,NA,All of Scotland,d,S92000003,d,All Inpatients,d,Male,10-19,3046,6346,2.08338804990151,NA,2476,5605,2.26373182552504,NA,pre 2020
2018,1,NA,All of Scotland,d,S92000003,d,All Inpatients,d,Male,10-19,2794,6001,2.14781675017896,NA,2230,5429,2.43452914798206,NA,pre 2020
2018,2,NA,All of Scotland,d,S92000003,d,All Inpatients,d,Male,10-19,2903,5384,1.85463313813297,NA,2379,4925,2.07019756200084,NA,pre 2020
2018,3,NA,All of Scotland,d,S92000003,d,All Inpatients,d,Male,10-19,3027,5774,1.90749917409977,NA,2461,5822,2.36570499796831,NA,pre 2020
2018,4,NA,All of Scotland,d,S92000003,d,All Inpatients,d,Male,10-19,2887,5580,1.93280221683408,NA,2327,5234,2.24924795874517,NA,pre 2020
2019,1,NA,All of Scotland,d,S92000003,d,All Inpatients,d,Male,10-19,2688,5003,1.86123511904762,NA,2182,4538,2.07974335472044,NA,pre 2020
2019,2,NA,All of Scotland,d,S92000003,d,All Inpatients,d,Male,10-19,2990,6112,2.04414715719064,NA,2372,5391,2.27276559865093,NA,pre 2020
2019,3,NA,All of Scotland,d,S92000003,d,All Inpatients,d,Male,10-19,3021,5719,1.89308176100629,NA,2438,5491,2.25225594749795,NA,pre 2020
2019,4,NA,All of Scotland,d,S92000003,d,All Inpatients,d,Male,10-19,2693,5554,2.06238395841069,NA,2172,5208,2.39779005524862,NA,pre 2020
2020,1,NA,All of Scotland,d,S92000003,d,All Inpatients,d,Male,10-19,2653,5635,2.12401055408971,NA,2104,5603,2.66302281368821,NA,post 2020
2020,2,NA,All of Scotland,d,S92000003,d,All Inpatients,d,Male,10-19,1638,3248,1.98290598290598,NA,1242,2756,2.21900161030596,NA,post 2020
2020,3,NA,All of Scotland,d,S92000003,d,All Inpatients,d,Male,10-19,2483,4170,1.67942005638341,NA,1963,3966,2.02037697401936,NA,post 2020
2020,4,NA,All of Scotland,d,S92000003,d,All Inpatients,d,Male,10-19,2108,4296,2.03795066413662,NA,1699,4243,2.49735138316657,NA,post 2020
2021,1,NA,All of Scotland,d,S92000003,d,All Inpatients,d,Male,10-19,1904,4420,2.32142857142857,NA,1456,3990,2.74038461538462,NA,post 2020
2021,2,NA,All of Scotland,d,S92000003,d,All Inpatients,d,Male,10-19,2456,4314,1.75651465798046,NA,1970,4494,2.28121827411168,NA,post 2020
2021,3,NA,All of Scotland,d,S92000003,d,All Inpatients,d,Male,10-19,2464,4882,1.98133116883117,NA,1960,4422,2.25612244897959,NA,post 2020
2021,4,NA,All of Scotland,d,S92000003,d,All Inpatients,d,Male,10-19,2212,5296,2.39421338155515,NA,1814,4962,2.73539140022051,NA,post 2020
2022,1,NA,All of Scotland,d,S92000003,d,All Inpatients,d,Male,10-19,2152,3759,1.74674721189591,NA,1731,3447,1.99133448873484,NA,post 2020
2022,2,NA,All of Scotland,d,S92000003,d,All Inpatients,d,Male,10-19,2184,3658,1.67490842490842,NA,1781,3308,1.85738349241999,NA,post 2020
2022,3,p,All of Scotland,d,S92000003,d,All Inpatients,d,Male,10-19,2327,5355,2.30124623979373,NA,1883,5636,2.99309612320765,NA,post 2020
2017,3,NA,All of Scotland,d,S92000003,d,All Inpatients,d,Male,20-29,6403,12404,1.93721692956427,NA,4830,11595,2.40062111801242,NA,pre 2020
2017,4,NA,All of Scotland,d,S92000003,d,All Inpatients,d,Male,20-29,5977,11224,1.87786514974067,NA,4676,10975,2.34709153122327,NA,pre 2020
2018,1,NA,All of Scotland,d,S92000003,d,All Inpatients,d,Male,20-29,5701,11815,2.07244343097702,NA,4308,11399,2.64600742804085,NA,pre 2020
2018,2,NA,All of Scotland,d,S92000003,d,All Inpatients,d,Male,20-29,6386,13827,2.16520513623552,NA,4821,14733,3.05600497822029,NA,pre 2020
2018,3,NA,All of Scotland,d,S92000003,d,All Inpatients,d,Male,20-29,6418,13228,2.06107821751324,NA,4826,13163,2.72751761292996,NA,pre 2020
2018,4,NA,All of Scotland,d,S92000003,d,All Inpatients,d,Male,20-29,6199,12086,1.94966930150024,NA,4700,12466,2.65234042553191,NA,pre 2020
2019,1,NA,All of Scotland,d,S92000003,d,All Inpatients,d,Male,20-29,6030,10834,1.79668325041459,NA,4519,10510,2.32573578225271,NA,pre 2020
2019,2,NA,All of Scotland,d,S92000003,d,All Inpatients,d,Male,20-29,6457,12902,1.99814155180424,NA,4780,13285,2.77928870292887,NA,pre 2020
2019,3,NA,All of Scotland,d,S92000003,d,All Inpatients,d,Male,20-29,6749,12327,1.82649281375019,NA,5006,12053,2.40771074710348,NA,pre 2020
2019,4,NA,All of Scotland,d,S92000003,d,All Inpatients,d,Male,20-29,6001,11321,1.88651891351441,NA,4439,12026,2.70916873169633,NA,pre 2020
2020,1,NA,All of Scotland,d,S92000003,d,All Inpatients,d,Male,20-29,5419,10035,1.85181767853848,NA,4039,10092,2.49863827680119,NA,post 2020
2020,2,NA,All of Scotland,d,S92000003,d,All Inpatients,d,Male,20-29,4351,7592,1.74488623304987,NA,3134,7134,2.27632418634333,NA,post 2020
2020,3,NA,All of Scotland,d,S92000003,d,All Inpatients,d,Male,20-29,5411,9509,1.75734614673813,NA,3950,9664,2.44658227848101,NA,post 2020
2020,4,NA,All of Scotland,d,S92000003,d,All Inpatients,d,Male,20-29,4797,8791,1.83260371065249,NA,3529,9114,2.58260130348541,NA,post 2020
2021,1,NA,All of Scotland,d,S92000003,d,All Inpatients,d,Male,20-29,4670,8729,1.86916488222698,NA,3365,8513,2.52986627043091,NA,post 2020
2021,2,NA,All of Scotland,d,S92000003,d,All Inpatients,d,Male,20-29,5514,10301,1.86815379035183,NA,3895,10326,2.65109114249037,NA,post 2020
2021,3,NA,All of Scotland,d,S92000003,d,All Inpatients,d,Male,20-29,5395,11229,2.08137164040778,NA,3854,11197,2.90529320186819,NA,post 2020
2021,4,NA,All of Scotland,d,S92000003,d,All Inpatients,d,Male,20-29,4764,10248,2.15113350125945,NA,3472,10069,2.90005760368664,NA,post 2020
2022,1,NA,All of Scotland,d,S92000003,d,All Inpatients,d,Male,20-29,4461,8239,1.8468953149518,NA,3316,8623,2.60042219541616,NA,post 2020
2022,2,NA,All of Scotland,d,S92000003,d,All Inpatients,d,Male,20-29,4819,9461,1.96327038804731,NA,3490,9356,2.68080229226361,NA,post 2020
2022,3,p,All of Scotland,d,S92000003,d,All Inpatients,d,Male,20-29,4813,9552,1.98462497402867,NA,3470,9915,2.85734870317003,NA,post 2020
2017,3,NA,All of Scotland,d,S92000003,d,All Inpatients,d,Male,30-39,8335,21379,2.56496700659868,NA,5991,22065,3.68302453680521,NA,pre 2020
2017,4,NA,All of Scotland,d,S92000003,d,All Inpatients,d,Male,30-39,7719,17708,2.29407954398238,NA,5517,17357,3.14609389160776,NA,pre 2020
2018,1,NA,All of Scotland,d,S92000003,d,All Inpatients,d,Male,30-39,7652,17841,2.33154730789336,NA,5482,18275,3.33363735862824,NA,pre 2020
2018,2,NA,All of Scotland,d,S92000003,d,All Inpatients,d,Male,30-39,8160,18188,2.22892156862745,NA,5891,18346,3.11424206416568,NA,pre 2020
2018,3,NA,All of Scotland,d,S92000003,d,All Inpatients,d,Male,30-39,8312,17957,2.16037054860443,NA,5923,17445,2.945297990883,NA,pre 2020
2018,4,NA,All of Scotland,d,S92000003,d,All Inpatients,d,Male,30-39,8283,18231,2.20101412531691,NA,5832,18144,3.11111111111111,NA,pre 2020
2019,1,NA,All of Scotland,d,S92000003,d,All Inpatients,d,Male,30-39,8497,19579,2.3042250205955,NA,5947,19042,3.20195056330923,NA,pre 2020
2019,2,NA,All of Scotland,d,S92000003,d,All Inpatients,d,Male,30-39,8821,18489,2.096020859313,NA,6152,17796,2.8927178153446,NA,pre 2020
2019,3,NA,All of Scotland,d,S92000003,d,All Inpatients,d,Male,30-39,8555,18800,2.19754529514904,NA,6022,18071,3.00083028894055,NA,pre 2020
2019,4,NA,All of Scotland,d,S92000003,d,All Inpatients,d,Male,30-39,8268,19166,2.3180938558297,NA,5675,19568,3.44810572687225,NA,pre 2020
2020,1,NA,All of Scotland,d,S92000003,d,All Inpatients,d,Male,30-39,7593,17887,2.35572237587251,NA,5198,17925,3.44844170834937,NA,post 2020
2020,2,NA,All of Scotland,d,S92000003,d,All Inpatients,d,Male,30-39,6571,14560,2.21579668239233,NA,4350,13138,3.02022988505747,NA,post 2020
2020,3,NA,All of Scotland,d,S92000003,d,All Inpatients,d,Male,30-39,7871,16257,2.06543005971287,NA,5248,16638,3.1703506097561,NA,post 2020
2020,4,NA,All of Scotland,d,S92000003,d,All Inpatients,d,Male,30-39,6782,15275,2.25228546151578,NA,4732,17440,3.68554522400676,NA,post 2020
2021,1,NA,All of Scotland,d,S92000003,d,All Inpatients,d,Male,30-39,7150,15161,2.12041958041958,NA,4659,14753,3.16655934749946,NA,post 2020
2021,2,NA,All of Scotland,d,S92000003,d,All Inpatients,d,Male,30-39,8162,17574,2.1531487380544,NA,5368,17506,3.26117734724292,NA,post 2020
2021,3,NA,All of Scotland,d,S92000003,d,All Inpatients,d,Male,30-39,8145,18688,2.29441375076734,NA,5405,18419,3.40777058279371,NA,post 2020
2021,4,NA,All of Scotland,d,S92000003,d,All Inpatients,d,Male,30-39,7039,17296,2.4571672112516,NA,4770,17422,3.6524109014675,NA,post 2020
2022,1,NA,All of Scotland,d,S92000003,d,All Inpatients,d,Male,30-39,6654,15542,2.33573790201383,NA,4516,15660,3.46767050487157,NA,post 2020
2022,2,NA,All of Scotland,d,S92000003,d,All Inpatients,d,Male,30-39,7090,16357,2.30705218617772,NA,4841,16332,3.37368312332163,NA,post 2020
2022,3,p,All of Scotland,d,S92000003,d,All Inpatients,d,Male,30-39,7120,16892,2.37247191011236,NA,4821,16986,3.52333540759179,NA,post 2020
2017,3,NA,All of Scotland,d,S92000003,d,All Inpatients,d,Male,40-49,11578,31258,2.69977543617205,NA,7645,30216,3.95238718116416,NA,pre 2020
2017,4,NA,All of Scotland,d,S92000003,d,All Inpatients,d,Male,40-49,11200,33954,3.03160714285714,NA,7422,31204,4.20425761250337,NA,pre 2020
2018,1,NA,All of Scotland,d,S92000003,d,All Inpatients,d,Male,40-49,10570,30951,2.92819299905393,NA,6936,31851,4.59212802768166,NA,pre 2020
2018,2,NA,All of Scotland,d,S92000003,d,All Inpatients,d,Male,40-49,11163,31922,2.85962554868763,NA,7364,30254,4.10836501901141,NA,pre 2020
2018,3,NA,All of Scotland,d,S92000003,d,All Inpatients,d,Male,40-49,11141,30987,2.78134817341352,NA,7435,32446,4.36395427034297,NA,pre 2020
2018,4,NA,All of Scotland,d,S92000003,d,All Inpatients,d,Male,40-49,10966,30391,2.77138427867955,NA,7208,30287,4.20185904550499,NA,pre 2020
2019,1,NA,All of Scotland,d,S92000003,d,All Inpatients,d,Male,40-49,11166,29573,2.64848647680459,NA,7232,28527,3.94455199115044,NA,pre 2020
2019,2,NA,All of Scotland,d,S92000003,d,All Inpatients,d,Male,40-49,11387,30093,2.6427505049618,NA,7502,30266,4.03439082911224,NA,pre 2020
2019,3,NA,All of Scotland,d,S92000003,d,All Inpatients,d,Male,40-49,11661,30833,2.6441128548152,NA,7460,33416,4.47935656836461,NA,pre 2020
2019,4,NA,All of Scotland,d,S92000003,d,All Inpatients,d,Male,40-49,10724,28679,2.6742819843342,NA,6978,29551,4.23488105474348,NA,pre 2020
2020,1,NA,All of Scotland,d,S92000003,d,All Inpatients,d,Male,40-49,10199,29180,2.86106481027552,NA,6396,29019,4.53705440900563,NA,post 2020
2020,2,NA,All of Scotland,d,S92000003,d,All Inpatients,d,Male,40-49,9185,21704,2.36298312465977,NA,5533,22953,4.14838243267667,NA,post 2020
2020,3,NA,All of Scotland,d,S92000003,d,All Inpatients,d,Male,40-49,10575,27531,2.60340425531915,NA,6509,27503,4.22538024274082,NA,post 2020
2020,4,NA,All of Scotland,d,S92000003,d,All Inpatients,d,Male,40-49,9886,27436,2.77523770989278,NA,6161,27970,4.53984742736569,NA,post 2020
2021,1,NA,All of Scotland,d,S92000003,d,All Inpatients,d,Male,40-49,9909,27307,2.75577757594106,NA,5955,26790,4.49874055415617,NA,post 2020
2021,2,NA,All of Scotland,d,S92000003,d,All Inpatients,d,Male,40-49,11009,27197,2.4704332818603,NA,6891,27044,3.92453925409955,NA,post 2020
2021,3,NA,All of Scotland,d,S92000003,d,All Inpatients,d,Male,40-49,10456,28432,2.71920428462127,NA,6471,28560,4.41353732035234,NA,post 2020
2021,4,NA,All of Scotland,d,S92000003,d,All Inpatients,d,Male,40-49,9653,28733,2.97658758935046,NA,5923,27265,4.60324160054027,NA,post 2020
2022,1,NA,All of Scotland,d,S92000003,d,All Inpatients,d,Male,40-49,9159,25678,2.80358117698439,NA,5711,27533,4.8210471020837,NA,post 2020
2022,2,NA,All of Scotland,d,S92000003,d,All Inpatients,d,Male,40-49,8974,25500,2.8415422331179,NA,5648,26003,4.60393059490085,NA,post 2020
2022,3,p,All of Scotland,d,S92000003,d,All Inpatients,d,Male,40-49,9287,26459,2.8490362872833,NA,5848,27007,4.61816005471956,NA,post 2020
2017,3,NA,All of Scotland,d,S92000003,d,All Inpatients,d,Male,50-59,18961,59826,3.15521333263014,NA,11970,60060,5.01754385964912,NA,pre 2020
2017,4,NA,All of Scotland,d,S92000003,d,All Inpatients,d,Male,50-59,18656,60678,3.25246569468268,NA,11774,60740,5.15882452862239,NA,pre 2020
2018,1,NA,All of Scotland,d,S92000003,d,All Inpatients,d,Male,50-59,18397,59383,3.22786323857151,NA,11414,58807,5.1521815314526,NA,pre 2020
2018,2,NA,All of Scotland,d,S92000003,d,All Inpatients,d,Male,50-59,18895,59969,3.17380259327865,NA,11914,61718,5.18029209333557,NA,pre 2020
2018,3,NA,All of Scotland,d,S92000003,d,All Inpatients,d,Male,50-59,19028,57622,3.02827412234602,NA,11769,57713,4.90381510748577,NA,pre 2020
2018,4,NA,All of Scotland,d,S92000003,d,All Inpatients,d,Male,50-59,19261,62003,3.2190955817455,NA,11945,63444,5.31134365843449,NA,pre 2020
2019,1,NA,All of Scotland,d,S92000003,d,All Inpatients,d,Male,50-59,19183,58635,3.05661262576239,NA,11813,57751,4.88876661305342,NA,pre 2020
2019,2,NA,All of Scotland,d,S92000003,d,All Inpatients,d,Male,50-59,19996,59986,2.999899979996,NA,12224,58087,4.75188154450262,NA,pre 2020
2019,3,NA,All of Scotland,d,S92000003,d,All Inpatients,d,Male,50-59,20103,64298,3.19842809530916,NA,12296,63597,5.17216981132075,NA,pre 2020
2019,4,NA,All of Scotland,d,S92000003,d,All Inpatients,d,Male,50-59,19917,62796,3.15288447055279,NA,12120,62317,5.14166666666667,NA,pre 2020
2020,1,NA,All of Scotland,d,S92000003,d,All Inpatients,d,Male,50-59,18550,60204,3.2454986522911,NA,11127,62527,5.61939426619934,NA,post 2020
2020,2,NA,All of Scotland,d,S92000003,d,All Inpatients,d,Male,50-59,15777,46539,2.94980034227039,NA,8999,46663,5.18535392821425,NA,post 2020
2020,3,NA,All of Scotland,d,S92000003,d,All Inpatients,d,Male,50-59,18040,53445,2.96258314855876,NA,10500,53377,5.08352380952381,NA,post 2020
2020,4,NA,All of Scotland,d,S92000003,d,All Inpatients,d,Male,50-59,17896,57098,3.19054537326777,NA,10394,56349,5.42130075043294,NA,post 2020
2021,1,NA,All of Scotland,d,S92000003,d,All Inpatients,d,Male,50-59,17664,55889,3.16400588768116,NA,9890,56379,5.70060667340748,NA,post 2020
2021,2,NA,All of Scotland,d,S92000003,d,All Inpatients,d,Male,50-59,19058,60218,3.15972295099171,NA,11121,60087,5.40302131103318,NA,post 2020
2021,3,NA,All of Scotland,d,S92000003,d,All Inpatients,d,Male,50-59,18176,60536,3.33054577464789,NA,10520,59283,5.63526615969582,NA,post 2020
2021,4,NA,All of Scotland,d,S92000003,d,All Inpatients,d,Male,50-59,17570,61534,3.50221969265794,NA,10154,62387,6.1440811502856,NA,post 2020
2022,1,NA,All of Scotland,d,S92000003,d,All Inpatients,d,Male,50-59,16202,56480,3.48598938402666,NA,9382,57841,6.1651033894692,NA,post 2020
2022,2,NA,All of Scotland,d,S92000003,d,All Inpatients,d,Male,50-59,16975,57744,3.40170839469809,NA,9777,58682,6.00204561726501,NA,post 2020
2022,3,p,All of Scotland,d,S92000003,d,All Inpatients,d,Male,50-59,16481,56262,3.41374916570596,NA,9791,57130,5.83495046471249,NA,post 2020
2017,3,NA,All of Scotland,d,S92000003,d,All Inpatients,d,Male,60-69,24527,91481,3.72980796673054,NA,14575,93415,6.40926243567753,NA,pre 2020
2017,4,NA,All of Scotland,d,S92000003,d,All Inpatients,d,Male,60-69,25199,96908,3.84570816302234,NA,15009,98862,6.58684789126524,NA,pre 2020
2018,1,NA,All of Scotland,d,S92000003,d,All Inpatients,d,Male,60-69,24542,93592,3.81354412843289,NA,14538,93261,6.41498142798184,NA,pre 2020
2018,2,NA,All of Scotland,d,S92000003,d,All Inpatients,d,Male,60-69,24865,90824,3.65268449627991,NA,14750,92847,6.29471186440678,NA,pre 2020
2018,3,NA,All of Scotland,d,S92000003,d,All Inpatients,d,Male,60-69,24298,89621,3.68841056877109,NA,14510,91669,6.3176430048242596,NA,pre 2020
2018,4,NA,All of Scotland,d,S92000003,d,All Inpatients,d,Male,60-69,25131,91471,3.63976761768334,NA,14949,93312,6.24202287778447,NA,pre 2020
2019,1,NA,All of Scotland,d,S92000003,d,All Inpatients,d,Male,60-69,25690,91623,3.56648501362398,NA,15102,92137,6.10098000264866,NA,pre 2020
2019,2,NA,All of Scotland,d,S92000003,d,All Inpatients,d,Male,60-69,26360,91827,3.48357359635812,NA,15340,93968,6.12568448500652,NA,pre 2020
2019,3,NA,All of Scotland,d,S92000003,d,All Inpatients,d,Male,60-69,25981,90300,3.47561679689003,NA,14982,91719,6.12194633560272,NA,pre 2020
2019,4,NA,All of Scotland,d,S92000003,d,All Inpatients,d,Male,60-69,26215,91088,3.4746519168415,NA,15128,91627,6.05678212585933,NA,pre 2020
2020,1,NA,All of Scotland,d,S92000003,d,All Inpatients,d,Male,60-69,24455,91359,3.73580044980577,NA,13819,93660,6.77762500904552,NA,post 2020
2020,2,NA,All of Scotland,d,S92000003,d,All Inpatients,d,Male,60-69,19593,66059,3.37156127188282,NA,10316,69056,6.69406746801086,NA,post 2020
2020,3,NA,All of Scotland,d,S92000003,d,All Inpatients,d,Male,60-69,23529,81396,3.45939053933444,NA,12880,80773,6.27119565217391,NA,post 2020
2020,4,NA,All of Scotland,d,S92000003,d,All Inpatients,d,Male,60-69,23297,84829,3.64119843756707,NA,12867,86134,6.6941789072822,NA,post 2020
2021,1,NA,All of Scotland,d,S92000003,d,All Inpatients,d,Male,60-69,22953,84815,3.69515967411667,NA,12252,83653,6.82770159973882,NA,post 2020
2021,2,NA,All of Scotland,d,S92000003,d,All Inpatients,d,Male,60-69,25253,89738,3.55355799310973,NA,13925,89144,6.40172351885099,NA,post 2020
2021,3,NA,All of Scotland,d,S92000003,d,All Inpatients,d,Male,60-69,24584,90630,3.68654409371949,NA,13461,89509,6.64950598023921,NA,post 2020
2021,4,NA,All of Scotland,d,S92000003,d,All Inpatients,d,Male,60-69,24215,93369,3.85583316126368,NA,13270,93965,7.08100979653353,NA,post 2020
2022,1,NA,All of Scotland,d,S92000003,d,All Inpatients,d,Male,60-69,23355,89256,3.82170841361593,NA,12823,89043,6.94400686266864,NA,post 2020
2022,2,NA,All of Scotland,d,S92000003,d,All Inpatients,d,Male,60-69,24045,93591,3.89232688708671,NA,13200,95256,7.21636363636364,NA,post 2020
2022,3,p,All of Scotland,d,S92000003,d,All Inpatients,d,Male,60-69,24885,96323,3.87072533654812,NA,13835,99815,7.21467293097217,NA,post 2020
2017,3,NA,All of Scotland,d,S92000003,d,All Inpatients,d,Male,70-79,28440,123720,4.35021097046414,NA,15866,125487,7.90917685617043,NA,pre 2020
2017,4,NA,All of Scotland,d,S92000003,d,All Inpatients,d,Male,70-79,29829,127044,4.2590767374032,NA,16468,129993,7.89367257711926,NA,pre 2020
2018,1,NA,All of Scotland,d,S92000003,d,All Inpatients,d,Male,70-79,29349,131275,4.47289515826774,NA,15917,130517,8.19984921781743,NA,pre 2020
2018,2,NA,All of Scotland,d,S92000003,d,All Inpatients,d,Male,70-79,29115,129731,4.45581315473124,NA,16265,134214,8.25170611743006,NA,pre 2020
2018,3,NA,All of Scotland,d,S92000003,d,All Inpatients,d,Male,70-79,28509,122914,4.31141043179347,NA,15945,125296,7.85801191596112,NA,pre 2020
2018,4,NA,All of Scotland,d,S92000003,d,All Inpatients,d,Male,70-79,29968,127781,4.26391484249867,NA,16637,132529,7.96591933641883,NA,pre 2020
2019,1,NA,All of Scotland,d,S92000003,d,All Inpatients,d,Male,70-79,29748,122317,4.11177221998117,NA,16348,124175,7.59573036457059,NA,pre 2020
2019,2,NA,All of Scotland,d,S92000003,d,All Inpatients,d,Male,70-79,30861,129814,4.20640938401218,NA,16813,132382,7.87378814012966,NA,pre 2020
2019,3,NA,All of Scotland,d,S92000003,d,All Inpatients,d,Male,70-79,31151,128609,4.12856730121023,NA,16731,132045,7.89223596915905,NA,pre 2020
2019,4,NA,All of Scotland,d,S92000003,d,All Inpatients,d,Male,70-79,32789,132411,4.03827503126048,NA,17394,135658,7.799126135449,NA,pre 2020
2020,1,NA,All of Scotland,d,S92000003,d,All Inpatients,d,Male,70-79,30181,132448,4.38845631357477,NA,16077,136300,8.47794986626858,NA,post 2020
2020,2,NA,All of Scotland,d,S92000003,d,All Inpatients,d,Male,70-79,23341,89228,3.82280107964526,NA,11355,89678,7.89766622633201,NA,post 2020
2020,3,NA,All of Scotland,d,S92000003,d,All Inpatients,d,Male,70-79,28457,110544,3.88459781424606,NA,14612,110879,7.5882151656173,NA,post 2020
2020,4,NA,All of Scotland,d,S92000003,d,All Inpatients,d,Male,70-79,28494,118811,4.16968484593248,NA,14501,119897,8.26818840079994,NA,post 2020
2021,1,NA,All of Scotland,d,S92000003,d,All Inpatients,d,Male,70-79,27446,115124,4.19456387087372,NA,13518,114030,8.43541944074567,NA,post 2020
2021,2,NA,All of Scotland,d,S92000003,d,All Inpatients,d,Male,70-79,30058,117248,3.90072526448866,NA,15749,120456,7.64848561813448,NA,post 2020
2021,3,NA,All of Scotland,d,S92000003,d,All Inpatients,d,Male,70-79,29956,124993,4.17255307784751,NA,15308,127201,8.3094460412856,NA,post 2020
2021,4,NA,All of Scotland,d,S92000003,d,All Inpatients,d,Male,70-79,29672,131469,4.43074278781343,NA,15329,135814,8.85993867832213,NA,post 2020
2022,1,NA,All of Scotland,d,S92000003,d,All Inpatients,d,Male,70-79,29031,126861,4.36984602666115,NA,14597,125859,8.62225114749606,NA,post 2020
2022,2,NA,All of Scotland,d,S92000003,d,All Inpatients,d,Male,70-79,29883,133288,4.46032861493157,NA,15287,136223,8.91103552037679,NA,post 2020
2022,3,p,All of Scotland,d,S92000003,d,All Inpatients,d,Male,70-79,29557,132326,4.47697668910918,NA,15351,137404,8.95081753631685,NA,post 2020
2017,3,NA,All of Scotland,d,S92000003,d,All Inpatients,d,Male,80-89,20453,109922,5.37437050799394,NA,10398,112721,10.8406424312368,NA,pre 2020
2017,4,NA,All of Scotland,d,S92000003,d,All Inpatients,d,Male,80-89,21975,117106,5.32905574516496,NA,11146,120197,10.7838686524314,NA,pre 2020
2018,1,NA,All of Scotland,d,S92000003,d,All Inpatients,d,Male,80-89,21621,120974,5.59520836224041,NA,10983,126392,11.5079668578713,NA,pre 2020
2018,2,NA,All of Scotland,d,S92000003,d,All Inpatients,d,Male,80-89,21188,115178,5.43600151028884,NA,10840,121194,11.180258302583,NA,pre 2020
2018,3,NA,All of Scotland,d,S92000003,d,All Inpatients,d,Male,80-89,20717,112342,5.42269633634213,NA,10611,116673,10.995476392423,NA,pre 2020
2018,4,NA,All of Scotland,d,S92000003,d,All Inpatients,d,Male,80-89,21938,115402,5.26037013401404,NA,11137,121820,10.9383137290114,NA,pre 2020
2019,1,NA,All of Scotland,d,S92000003,d,All Inpatients,d,Male,80-89,21948,116127,5.29100601421542,NA,11150,122494,10.9860089686099,NA,pre 2020
2019,2,NA,All of Scotland,d,S92000003,d,All Inpatients,d,Male,80-89,22848,114607,5.01606267507003,NA,11360,119615,10.5294894366197,NA,pre 2020
2019,3,NA,All of Scotland,d,S92000003,d,All Inpatients,d,Male,80-89,22805,111670,4.89673317254988,NA,11301,117655,10.4110255729581,NA,pre 2020
2019,4,NA,All of Scotland,d,S92000003,d,All Inpatients,d,Male,80-89,24389,121796,4.99389068842511,NA,11713,125407,10.7066507299582,NA,pre 2020
2020,1,NA,All of Scotland,d,S92000003,d,All Inpatients,d,Male,80-89,22366,125536,5.61280515067513,NA,10746,132696,12.3484087102178,NA,post 2020
2020,2,NA,All of Scotland,d,S92000003,d,All Inpatients,d,Male,80-89,17361,78953,4.5477219054202,NA,7707,86308,11.1986505773972,NA,post 2020
2020,3,NA,All of Scotland,d,S92000003,d,All Inpatients,d,Male,80-89,21142,94974,4.49219562955255,NA,9725,96266,9.89881748071979,NA,post 2020
2020,4,NA,All of Scotland,d,S92000003,d,All Inpatients,d,Male,80-89,21692,105678,4.87174995390006,NA,9905,104868,10.587380111055,NA,post 2020
2021,1,NA,All of Scotland,d,S92000003,d,All Inpatients,d,Male,80-89,20687,106021,5.12500604244211,NA,9306,110935,11.9208037825059,NA,post 2020
2021,2,NA,All of Scotland,d,S92000003,d,All Inpatients,d,Male,80-89,21730,102286,4.70713299585826,NA,10314,106683,10.3435136707388,NA,post 2020
2021,3,NA,All of Scotland,d,S92000003,d,All Inpatients,d,Male,80-89,21391,105240,4.91982609508672,NA,10130,106784,10.541362290227,NA,post 2020
2021,4,NA,All of Scotland,d,S92000003,d,All Inpatients,d,Male,80-89,22041,117706,5.34032031214555,NA,10168,119672,11.7694728560189,NA,post 2020
2022,1,NA,All of Scotland,d,S92000003,d,All Inpatients,d,Male,80-89,21914,118031,5.38610020991147,NA,9961,119948,12.0417628752133,NA,post 2020
2022,2,NA,All of Scotland,d,S92000003,d,All Inpatients,d,Male,80-89,22612,124899,5.52357155492659,NA,10415,133049,12.7747479596735,NA,post 2020
2022,3,p,All of Scotland,d,S92000003,d,All Inpatients,d,Male,80-89,21658,124289,5.73871086896297,NA,10299,132616,12.8765899601903,NA,post 2020
2017,3,NA,All of Scotland,d,S92000003,d,All Inpatients,d,Male,90 Plus,4179,28209,6.75017946877243,NA,1946,30544,15.6957862281603,NA,pre 2020
2017,4,NA,All of Scotland,d,S92000003,d,All Inpatients,d,Male,90 Plus,4680,28609,6.11303418803419,NA,2122,28981,13.6573986804901,NA,pre 2020
2018,1,NA,All of Scotland,d,S92000003,d,All Inpatients,d,Male,90 Plus,4557,31263,6.8604344963792,NA,2181,34356,15.7524071526823,NA,pre 2020
2018,2,NA,All of Scotland,d,S92000003,d,All Inpatients,d,Male,90 Plus,4072,26874,6.59970530451866,NA,1954,28654,14.6642784032753,NA,pre 2020
2018,3,NA,All of Scotland,d,S92000003,d,All Inpatients,d,Male,90 Plus,3968,26200,6.60282258064516,NA,1926,27011,14.0244029075805,NA,pre 2020
2018,4,NA,All of Scotland,d,S92000003,d,All Inpatients,d,Male,90 Plus,4420,27630,6.25113122171946,NA,2108,29415,13.9539848197343,NA,pre 2020
2019,1,NA,All of Scotland,d,S92000003,d,All Inpatients,d,Male,90 Plus,4720,29582,6.26737288135593,NA,2145,30129,14.0461538461538,NA,pre 2020
2019,2,NA,All of Scotland,d,S92000003,d,All Inpatients,d,Male,90 Plus,4564,28282,6.19675723049956,NA,2106,30162,14.3219373219373,NA,pre 2020
2019,3,NA,All of Scotland,d,S92000003,d,All Inpatients,d,Male,90 Plus,4620,26337,5.70064935064935,NA,2075,27696,13.3474698795181,NA,pre 2020
2019,4,NA,All of Scotland,d,S92000003,d,All Inpatients,d,Male,90 Plus,5283,30025,5.68332386901382,NA,2282,30204,13.2357581069238,NA,pre 2020
2020,1,NA,All of Scotland,d,S92000003,d,All Inpatients,d,Male,90 Plus,5005,30749,6.14365634365634,NA,2237,32762,14.6455073759499,NA,post 2020
2020,2,NA,All of Scotland,d,S92000003,d,All Inpatients,d,Male,90 Plus,3771,18620,4.93768231238398,NA,1526,20592,13.4941022280472,NA,post 2020
2020,3,NA,All of Scotland,d,S92000003,d,All Inpatients,d,Male,90 Plus,4569,23160,5.06894287590282,NA,1887,23624,12.519342872284,NA,post 2020
2020,4,NA,All of Scotland,d,S92000003,d,All Inpatients,d,Male,90 Plus,4918,26274,5.34241561610411,NA,2062,26095,12.6551891367604,NA,post 2020
2021,1,NA,All of Scotland,d,S92000003,d,All Inpatients,d,Male,90 Plus,4795,29592,6.17142857142857,NA,1978,30918,15.6309403437816,NA,post 2020
2021,2,NA,All of Scotland,d,S92000003,d,All Inpatients,d,Male,90 Plus,4839,25735,5.31824757181236,NA,2114,28593,13.5255439924314,NA,post 2020
2021,3,NA,All of Scotland,d,S92000003,d,All Inpatients,d,Male,90 Plus,4693,26224,5.58789686767526,NA,2004,25536,12.7425149700599,NA,post 2020
2021,4,NA,All of Scotland,d,S92000003,d,All Inpatients,d,Male,90 Plus,5042,29564,5.86354621182071,NA,2109,30618,14.5177809388336,NA,post 2020
2022,1,NA,All of Scotland,d,S92000003,d,All Inpatients,d,Male,90 Plus,5027,31986,6.36284066043366,NA,2046,32565,15.91642228739,NA,post 2020
2022,2,NA,All of Scotland,d,S92000003,d,All Inpatients,d,Male,90 Plus,4996,33633,6.73198558847078,NA,2082,34806,16.7175792507205,NA,post 2020
2022,3,p,All of Scotland,d,S92000003,d,All Inpatients,d,Male,90 Plus,4941,31130,6.3003440599069,NA,2047,32591,15.9213483146067,NA,post 2020
